"","soft_strain","spot_strain","soft_geno","spot_geno","N","IZ_diff","median","sd","se","ci"
"1","122A","122A","OC","OC",2,0,0,0,0,0
"2","122A","126B","OC","OC",2,0,0,0,0,0
"3","122A","135A","OC","OE",2,0,0,0,0,0
"4","122A","135B","OC","OE",2,0,0,0,0,0
"5","122A","137B","OC","OA",2,0,0,0,0,0
"6","122A","144A","OC","OA",2,0,0,0,0,0
"7","122A","145B","OC","OA",2,0,0,0,0,0
"8","122A","147A","OC","OC",2,0,0,0,0,0
"9","122A","149A","OC","OE",2,0,0,0,0,0
"10","122A","152A","OC","OA",2,0,0,0,0,0
"11","122A","152B","OC","OA",2,0,0,0,0,0
"12","122A","154C","OC","OA",2,0,0,0,0,0
"13","122A","157B","OC","OC",2,0,0,0,0,0
"14","122A","158","OC","OC",2,0,0,0,0,0
"15","122A","159","OC","OE",2,0,0,0,0,0
"16","122A","165A","OC","OC",2,0,0,0,0,0
"17","122A","168A","OC","OE",2,0,0,0,0,0
"18","122A","170C","OC","OC",2,0,0,0,0,0
"19","122A","41","OC","CC",2,0,0,0,0,0
"20","122A","53","OC","CC",2,0,0,0,0,0
"21","122A","57","OC","CC",2,0,0,0,0,0
"22","122A","67","OC","CC",2,0,0,0,0,0
"23","122A","74","OC","CC",2,0,0,0,0,0
"24","122A","77","OC","CC",2,0,0,0,0,0
"25","126B","122A","OC","OC",3,0,0,0,0,0
"26","126B","126B","OC","OC",3,0,0,0,0,0
"27","126B","135A","OC","OE",3,0,0,0,0,0
"28","126B","135B","OC","OE",3,0,0,0,0,0
"29","126B","137B","OC","OA",3,0,0,0,0,0
"30","126B","144A","OC","OA",3,0,0,0,0,0
"31","126B","145B","OC","OA",3,0,0,0,0,0
"32","126B","147A","OC","OC",3,0,0,0,0,0
"33","126B","149A","OC","OE",3,0,0,0,0,0
"34","126B","152A","OC","OA",3,0,0,0,0,0
"35","126B","152B","OC","OA",3,0,0,0,0,0
"36","126B","154C","OC","OA",3,0,0,0,0,0
"37","126B","157B","OC","OC",3,0,0,0,0,0
"38","126B","158","OC","OC",3,0,0,0,0,0
"39","126B","159","OC","OE",3,0,0,0,0,0
"40","126B","165A","OC","OC",3,0,0,0,0,0
"41","126B","168A","OC","OE",3,0,0,0,0,0
"42","126B","170C","OC","OC",3,0,0,0,0,0
"43","126B","41","OC","CC",3,0,0,0,0,0
"44","126B","53","OC","CC",3,0,0,0,0,0
"45","126B","57","OC","CC",3,0,0,0,0,0
"46","126B","67","OC","CC",3,0,0,0,0,0
"47","126B","74","OC","CC",3,0,0,0,0,0
"48","126B","77","OC","CC",3,0,0,0,0,0
"49","135A","122A","OE","OC",3,0,0,0,0,0
"50","135A","126B","OE","OC",3,0,0,0,0,0
"51","135A","135A","OE","OE",3,0,0,0,0,0
"52","135A","135B","OE","OE",3,0,0,0,0,0
"53","135A","137B","OE","OA",3,0,0,0,0,0
"54","135A","144A","OE","OA",3,0,0,0,0,0
"55","135A","145B","OE","OA",3,0,0,0,0,0
"56","135A","147A","OE","OC",3,0,0,0,0,0
"57","135A","149A","OE","OE",3,0,0,0,0,0
"58","135A","152A","OE","OA",3,0,0,0,0,0
"59","135A","152B","OE","OA",3,0,0,0,0,0
"60","135A","154C","OE","OA",3,0,0,0,0,0
"61","135A","157B","OE","OC",3,0,0,0,0,0
"62","135A","158","OE","OC",3,0,0,0,0,0
"63","135A","159","OE","OE",3,0,0,0,0,0
"64","135A","165A","OE","OC",3,0,0,0,0,0
"65","135A","168A","OE","OE",3,0,0,0,0,0
"66","135A","170C","OE","OC",3,0,0,0,0,0
"67","135A","41","OE","CC",3,0,0,0,0,0
"68","135A","53","OE","CC",3,0,0,0,0,0
"69","135A","57","OE","CC",3,0,0,0,0,0
"70","135A","67","OE","CC",3,0,0,0,0,0
"71","135A","74","OE","CC",3,0,0,0,0,0
"72","135A","77","OE","CC",3,0,0,0,0,0
"73","135B","122A","OE","OC",3,0,0,0,0,0
"74","135B","126B","OE","OC",3,0,0,0,0,0
"75","135B","135A","OE","OE",3,0,0,0,0,0
"76","135B","135B","OE","OE",3,0,0,0,0,0
"77","135B","137B","OE","OA",3,0,0,0,0,0
"78","135B","144A","OE","OA",3,0,0,0,0,0
"79","135B","145B","OE","OA",3,0,0,0,0,0
"80","135B","147A","OE","OC",3,0,0,0,0,0
"81","135B","149A","OE","OE",3,0,0,0,0,0
"82","135B","152A","OE","OA",3,0,0,0,0,0
"83","135B","152B","OE","OA",3,0,0,0,0,0
"84","135B","154C","OE","OA",3,0,0,0,0,0
"85","135B","157B","OE","OC",3,0,0,0,0,0
"86","135B","158","OE","OC",3,0,0,0,0,0
"87","135B","159","OE","OE",3,0,0,0,0,0
"88","135B","165A","OE","OC",3,0,0,0,0,0
"89","135B","168A","OE","OE",3,0,0,0,0,0
"90","135B","170C","OE","OC",3,0,0,0,0,0
"91","135B","41","OE","CC",3,0,0,0,0,0
"92","135B","53","OE","CC",3,0,0,0,0,0
"93","135B","57","OE","CC",3,0,0,0,0,0
"94","135B","67","OE","CC",3,0,0,0,0,0
"95","135B","74","OE","CC",3,0,0,0,0,0
"96","135B","77","OE","CC",3,0,0,0,0,0
"97","137B","122A","OA","OC",2,0,0,0,0,0
"98","137B","126B","OA","OC",2,0,0,0,0,0
"99","137B","135A","OA","OE",2,0,0,0,0,0
"100","137B","135B","OA","OE",2,0,0,0,0,0
"101","137B","137B","OA","OA",2,0,0,0,0,0
"102","137B","144A","OA","OA",2,0,0,0,0,0
"103","137B","145B","OA","OA",2,0,0,0,0,0
"104","137B","147A","OA","OC",2,0,0,0,0,0
"105","137B","149A","OA","OE",2,0,0,0,0,0
"106","137B","152A","OA","OA",2,0,0,0,0,0
"107","137B","152B","OA","OA",2,0,0,0,0,0
"108","137B","154C","OA","OA",2,0,0,0,0,0
"109","137B","157B","OA","OC",2,0,0,0,0,0
"110","137B","158","OA","OC",2,0,0,0,0,0
"111","137B","159","OA","OE",2,0,0,0,0,0
"112","137B","165A","OA","OC",2,0,0,0,0,0
"113","137B","168A","OA","OE",2,0,0,0,0,0
"114","137B","170C","OA","OC",2,0,0,0,0,0
"115","137B","41","OA","CC",2,0,0,0,0,0
"116","137B","53","OA","CC",2,0,0,0,0,0
"117","137B","57","OA","CC",2,0,0,0,0,0
"118","137B","67","OA","CC",2,0,0,0,0,0
"119","137B","74","OA","CC",2,0,0,0,0,0
"120","137B","77","OA","CC",2,0,0,0,0,0
"121","144A","122A","OA","OC",3,11.2816666666667,11.144,2.94791185983118,1.70197770582082,7.32301902192269
"122","144A","126B","OA","OC",3,9.16666666666667,10.544,8.56149924565396,4.94298389414509,21.267943145251
"123","144A","135A","OA","OE",3,10.1986666666667,13.45,9.02356389312633,5.20975704274628,22.4157753613038
"124","144A","135B","OA","OE",3,10.4996666666667,14.029,9.25431630826034,5.34298201174005,22.9889961378156
"125","144A","137B","OA","OA",3,12.1903333333333,13.126,2.63327445081847,1.52032171303021,6.54141636866681
"126","144A","144A","OA","OA",3,0,0,0,0,0
"127","144A","145B","OA","OA",3,0,0,0,0,0
"128","144A","147A","OA","OC",3,13.177,12.954,2.26474921348921,1.30755356805499,5.62594892888545
"129","144A","149A","OA","OE",3,10.528,14.964,9.15503533581384,5.28566211557265,22.742368530102
"130","144A","152A","OA","OA",3,11.7996666666667,12.575,3.61883853374717,2.08933740161272,8.9896932744166
"131","144A","152B","OA","OA",3,13.125,12.369,2.67147000731807,1.5423739278571,6.63629939098874
"132","144A","154C","OA","OA",3,0,0,0,0,0
"133","144A","157B","OA","OC",3,12.213,12.16,2.22097433573646,1.28228013060069,5.51720610423257
"134","144A","158","OA","OC",3,11.52,11.526,2.72300495776266,1.57212764536895,6.76431930486133
"135","144A","159","OA","OE",3,10.7573333333333,14.962,9.38980518079759,5.42120654877163,23.3255691556079
"136","144A","165A","OA","OC",3,12.5506666666667,11.702,2.36699732431901,1.3665865423667,5.87994731695297
"137","144A","168A","OA","OE",3,10.6216666666667,14.747,9.27471090295182,5.35475683647519,23.0396591196046
"138","144A","170C","OA","OC",3,12.8453333333333,11.455,4.45432400408113,2.57170516281405,11.0651542388927
"139","144A","41","OA","CC",3,7.56533333333333,9.542,6.79612664194343,3.92374554617283,16.8825144850828
"140","144A","53","OA","CC",3,7.547,8.736,7.02833885068158,4.05781332739691,17.4593615899381
"141","144A","57","OA","CC",3,9.49066666666667,12.59,8.38235535713759,4.83955512188649,20.8229250559579
"142","144A","67","OA","CC",3,7.10733333333333,6.564,7.39398737714187,4.26892060257756,18.367682883764
"143","144A","74","OA","CC",3,8.98033333333333,11.484,8.026890576888,4.63432743532196,19.9399015901408
"144","144A","77","OA","CC",3,10.1513333333333,13.747,8.91501970459591,5.14708902627927,22.146136649184
"145","145B","122A","OA","OC",3,11.043,10.526,0.926821989380916,0.535100925059937,2.3023534559006
"146","145B","126B","OA","OC",3,9.563,8.215,2.46144611966218,1.42111657978272,6.11457113129433
"147","145B","135A","OA","OE",3,11.8783333333333,11.753,1.25171495690246,0.722677967316317,3.10943232880335
"148","145B","135B","OA","OE",3,13.1356666666667,13.281,1.05652370221086,0.609984243876658,2.62455037202006
"149","145B","137B","OA","OA",3,12.7876666666667,12.686,1.02728006567505,0.593100422450626,2.55190515167275
"150","145B","144A","OA","OA",3,0,0,0,0,0
"151","145B","145B","OA","OA",3,0,0,0,0,0
"152","145B","147A","OA","OC",3,13.099,13.244,2.21606069411467,1.27944323828765,5.50499994177787
"153","145B","149A","OA","OE",3,14.5086666666667,14.433,1.00563727721944,0.580604952709767,2.49814148468274
"154","145B","152A","OA","OA",3,12.2726666666667,12.898,2.37068457061106,1.36871537500599,5.88910694451956
"155","145B","152B","OA","OA",3,10.666,10.672,1.91100706435115,1.10332044302641,4.74720471597598
"156","145B","154C","OA","OA",3,0,0,0,0,0
"157","145B","157B","OA","OC",3,11.8713333333333,11.854,1.17509588261271,0.678441924150067,2.91909999692076
"158","145B","158","OA","OC",3,10.9133333333333,11.045,1.64944606863436,0.952308131739816,4.09745118259293
"159","145B","159","OA","OE",3,13.2546666666667,14.05,2.21387270034511,1.27817999949581,5.49956466394182
"160","145B","165A","OA","OC",3,12.6126666666667,11.633,2.26166362072996,1.30577210024482,5.61828389154908
"161","145B","168A","OA","OE",3,11.7236666666667,10.832,1.83671563758066,1.06042826778199,4.56265458107567
"162","145B","170C","OA","OC",3,13.342,13.373,1.48074339438,0.854907597346053,3.67837050740455
"163","145B","41","OA","CC",3,9.902,8.64,3.28701734099472,1.89776034665427,8.16540373594228
"164","145B","53","OA","CC",3,7.521,7.357,1.58935867569281,0.917616659250111,3.94818582378607
"165","145B","57","OA","CC",3,11.681,11.048,1.88784506779555,1.08994785808007,4.68966712685279
"166","145B","67","OA","CC",3,8.02766666666667,7.988,2.25076216720766,1.29947814311917,5.59120317974146
"167","145B","74","OA","CC",3,10.765,11.509,3.47820010925191,2.00813976937198,8.64032806040679
"168","145B","77","OA","CC",3,13.2696666666667,13.72,1.45764204567971,0.841570027455298,3.62098357590587
"169","147A","122A","OC","OC",3,0,0,0,0,0
"170","147A","126B","OC","OC",3,0,0,0,0,0
"171","147A","135A","OC","OE",3,0,0,0,0,0
"172","147A","135B","OC","OE",3,0,0,0,0,0
"173","147A","137B","OC","OA",3,0,0,0,0,0
"174","147A","144A","OC","OA",3,0,0,0,0,0
"175","147A","145B","OC","OA",3,0,0,0,0,0
"176","147A","147A","OC","OC",3,0,0,0,0,0
"177","147A","149A","OC","OE",3,0,0,0,0,0
"178","147A","152A","OC","OA",3,0,0,0,0,0
"179","147A","152B","OC","OA",3,0,0,0,0,0
"180","147A","154C","OC","OA",3,0,0,0,0,0
"181","147A","157B","OC","OC",3,0,0,0,0,0
"182","147A","158","OC","OC",3,0,0,0,0,0
"183","147A","159","OC","OE",3,0,0,0,0,0
"184","147A","165A","OC","OC",3,0,0,0,0,0
"185","147A","168A","OC","OE",3,0,0,0,0,0
"186","147A","170C","OC","OC",3,0,0,0,0,0
"187","147A","41","OC","CC",3,0,0,0,0,0
"188","147A","53","OC","CC",3,0,0,0,0,0
"189","147A","57","OC","CC",3,0,0,0,0,0
"190","147A","67","OC","CC",3,0,0,0,0,0
"191","147A","74","OC","CC",3,0,0,0,0,0
"192","147A","77","OC","CC",3,0,0,0,0,0
"193","149A","122A","OE","OC",3,1.606,1.795,1.26215807250914,0.728707302923014,3.13537446611007
"194","149A","126B","OE","OC",3,1.726,2.225,1.53844174410343,0.888219755090672,3.82170115385828
"195","149A","135A","OE","OE",3,0,0,0,0,0
"196","149A","135B","OE","OE",3,2.05666666666667,2.373,0.562692041291979,0.324870401510784,1.39780451987518
"197","149A","137B","OE","OA",3,0,0,0,0,0
"198","149A","144A","OE","OA",3,0,0,0,0,0
"199","149A","145B","OE","OA",3,0,0,0,0,0
"200","149A","147A","OE","OC",3,1.538,2.08,1.13100132625917,0.652983920169555,2.80956304660004
"201","149A","149A","OE","OE",3,0,0,0,0,0
"202","149A","152A","OE","OA",3,0,0,0,0,0
"203","149A","152B","OE","OA",3,0,0,0,0,0
"204","149A","154C","OE","OA",3,0,0,0,0,0
"205","149A","157B","OE","OC",3,1.197,1.486,0.845397539622632,0.488090497073374,2.10008390959753
"206","149A","158","OE","OC",3,1.538,2.061,1.1476571787777,0.662600181104714,2.85093847796269
"207","149A","159","OE","OE",3,2.13133333333333,1.878,0.821825610049561,0.474481237189042,2.04152799040634
"208","149A","165A","OE","OC",3,1.18233333333333,1.574,0.798159340816941,0.460817510276875,1.98273771850915
"209","149A","168A","OE","OE",3,2.04233333333333,2.149,0.465262649836986,0.268619516127262,1.15577649432895
"210","149A","170C","OE","OC",3,1.511,1.948,1.11094869368482,0.641406527354792,2.75974954580222
"211","149A","41","OE","CC",3,2.31866666666667,2.144,1.02126457557938,0.589627377624584,2.53696184587143
"212","149A","53","OE","CC",3,1.50466666666667,1.98,1.33219568132213,0.769143535224588,3.30935753140323
"213","149A","57","OE","CC",3,1.76766666666667,2.007,1.66098294191522,0.958968948634128,4.1261103645856
"214","149A","67","OE","CC",3,0.906666666666667,0,1.57039273219578,0.906666666666667,3.90107180830618
"215","149A","74","OE","CC",3,2.85366666666667,2.762,0.658304134373568,0.380072069189223,1.63531812599854
"216","149A","77","OE","CC",3,1.59666666666667,0.975,1.09935177870113,0.63471104536719,2.73094121195128
"217","152A","122A","OA","OC",3,0,0,0,0,0
"218","152A","126B","OA","OC",3,0,0,0,0,0
"219","152A","135A","OA","OE",3,2.74166666666667,2.786,0.446155055259193,0.257587741254207,1.10831059805741
"220","152A","135B","OA","OE",3,2.93633333333333,2.886,0.410819100497206,0.237186518260302,1.02053122025246
"221","152A","137B","OA","OA",3,0,0,0,0,0
"222","152A","144A","OA","OA",3,0,0,0,0,0
"223","152A","145B","OA","OA",3,0,0,0,0,0
"224","152A","147A","OA","OC",3,0,0,0,0,0
"225","152A","149A","OA","OE",3,1.59033333333333,2.301,1.37985880920235,0.796661854936654,3.42775930483047
"226","152A","152A","OA","OA",3,0,0,0,0,0
"227","152A","152B","OA","OA",3,0,0,0,0,0
"228","152A","154C","OA","OA",3,0,0,0,0,0
"229","152A","157B","OA","OC",3,0,0,0,0,0
"230","152A","158","OA","OC",3,0,0,0,0,0
"231","152A","159","OA","OE",3,2.91466666666667,2.976,0.36587611746783,0.211238674910107,0.908886661230631
"232","152A","165A","OA","OC",3,0,0,0,0,0
"233","152A","168A","OA","OE",3,0,0,0,0,0
"234","152A","170C","OA","OC",3,0,0,0,0,0
"235","152A","41","OA","CC",3,0,0,0,0,0
"236","152A","53","OA","CC",3,0,0,0,0,0
"237","152A","57","OA","CC",3,0,0,0,0,0
"238","152A","67","OA","CC",3,0,0,0,0,0
"239","152A","74","OA","CC",3,0,0,0,0,0
"240","152A","77","OA","CC",3,0,0,0,0,0
"241","152B","122A","OA","OC",1,0,0,NA,NA,NA
"242","152B","126B","OA","OC",1,0,0,NA,NA,NA
"243","152B","135A","OA","OE",1,3.104,3.104,NA,NA,NA
"244","152B","135B","OA","OE",1,2.839,2.839,NA,NA,NA
"245","152B","137B","OA","OA",1,0,0,NA,NA,NA
"246","152B","144A","OA","OA",1,0,0,NA,NA,NA
"247","152B","145B","OA","OA",1,0,0,NA,NA,NA
"248","152B","147A","OA","OC",1,0,0,NA,NA,NA
"249","152B","149A","OA","OE",1,2.428,2.428,NA,NA,NA
"250","152B","152A","OA","OA",1,0,0,NA,NA,NA
"251","152B","152B","OA","OA",1,0,0,NA,NA,NA
"252","152B","154C","OA","OA",1,0,0,NA,NA,NA
"253","152B","157B","OA","OC",1,0,0,NA,NA,NA
"254","152B","158","OA","OC",1,0,0,NA,NA,NA
"255","152B","159","OA","OE",1,3.966,3.966,NA,NA,NA
"256","152B","165A","OA","OC",1,0,0,NA,NA,NA
"257","152B","168A","OA","OE",1,0,0,NA,NA,NA
"258","152B","170C","OA","OC",1,0,0,NA,NA,NA
"259","152B","41","OA","CC",1,0,0,NA,NA,NA
"260","152B","53","OA","CC",1,0,0,NA,NA,NA
"261","152B","57","OA","CC",1,0,0,NA,NA,NA
"262","152B","67","OA","CC",1,0,0,NA,NA,NA
"263","152B","74","OA","CC",1,0,0,NA,NA,NA
"264","152B","77","OA","CC",1,0,0,NA,NA,NA
"265","154C","122A","OA","OC",3,16.754,17.222,2.29507058714977,1.32505962130011,5.70127139666772
"266","154C","126B","OA","OC",3,16.0983333333333,13.673,4.82424401676919,2.78527858171813,11.9840864927422
"267","154C","135A","OA","OE",3,17.3306666666667,17.613,3.29358836731813,1.90155413047094,8.18172707023717
"268","154C","135B","OA","OE",3,17.7006666666667,16.501,2.70128531135334,1.55958780166784,6.71036471213008
"269","154C","137B","OA","OA",3,17.7323333333333,16.954,1.9506620243736,1.12621524487008,4.84571309762571
"270","154C","144A","OA","OA",3,0,0,0,0,0
"271","154C","145B","OA","OA",3,0,0,0,0,0
"272","154C","147A","OA","OC",3,17.3506666666667,16.943,0.863018153536373,0.498263763259759,2.14385594112484
"273","154C","149A","OA","OE",3,19.8466666666667,20.486,1.85362383814336,1.07019022192838,4.60465687973132
"274","154C","152A","OA","OA",3,17.7426666666667,17.661,3.22527554378434,1.8621137034146,8.01202860910072
"275","154C","152B","OA","OA",3,17.6626666666667,18.652,2.75653502305582,1.59148623759191,6.84761260453352
"276","154C","154C","OA","OA",3,0,0,0,0,0
"277","154C","157B","OA","OC",3,18.1346666666667,19.568,3.28551325264917,1.89689196084308,8.16166737336129
"278","154C","158","OA","OC",3,16.0806666666667,16.565,1.45238573847767,0.838535297077258,3.60792618496074
"279","154C","159","OA","OE",3,19.845,20.218,1.94254652453937,1.12152975885618,4.8255530784378
"280","154C","165A","OA","OC",3,17.0563333333333,17.309,3.3890713083872,1.95668123220019,8.41891984497568
"281","154C","168A","OA","OE",3,16.7106666666667,16.725,0.278776493509286,0.160951683571326,0.692519200675938
"282","154C","170C","OA","OC",3,16.561,17.153,2.0685415151744,1.19427300061585,5.13854198616589
"283","154C","41","OA","CC",3,12.7746666666667,11.221,2.71184076474511,1.56568199552499,6.73658591196518
"284","154C","53","OA","CC",3,12.975,11.82,2.88167052245742,1.6637332518566,7.15846641767574
"285","154C","57","OA","CC",3,15.9896666666667,15.925,4.41435525681082,2.54862919581837,10.9658663665071
"286","154C","67","OA","CC",3,14.1836666666667,11.051,5.6070356993097,3.23722357035229,13.9286488317856
"287","154C","74","OA","CC",3,15.2596666666667,14.727,1.07771811404158,0.62222084325244,2.67720020972712
"288","154C","77","OA","CC",3,16.0726666666667,16.73,1.16985013285178,0.675413289113496,2.90606883211324
"289","157B","122A","OC","OC",3,0,0,0,0,0
"290","157B","126B","OC","OC",3,0,0,0,0,0
"291","157B","135A","OC","OE",3,0,0,0,0,0
"292","157B","135B","OC","OE",3,0,0,0,0,0
"293","157B","137B","OC","OA",3,0,0,0,0,0
"294","157B","144A","OC","OA",3,0,0,0,0,0
"295","157B","145B","OC","OA",3,0,0,0,0,0
"296","157B","147A","OC","OC",3,0,0,0,0,0
"297","157B","149A","OC","OE",3,0,0,0,0,0
"298","157B","152A","OC","OA",3,0,0,0,0,0
"299","157B","152B","OC","OA",3,0,0,0,0,0
"300","157B","154C","OC","OA",3,0,0,0,0,0
"301","157B","157B","OC","OC",3,0,0,0,0,0
"302","157B","158","OC","OC",3,0,0,0,0,0
"303","157B","159","OC","OE",3,0,0,0,0,0
"304","157B","165A","OC","OC",3,0,0,0,0,0
"305","157B","168A","OC","OE",3,0,0,0,0,0
"306","157B","170C","OC","OC",3,0,0,0,0,0
"307","157B","41","OC","CC",3,0,0,0,0,0
"308","157B","53","OC","CC",3,0,0,0,0,0
"309","157B","57","OC","CC",3,0,0,0,0,0
"310","157B","67","OC","CC",3,0,0,0,0,0
"311","157B","74","OC","CC",3,0,0,0,0,0
"312","157B","77","OC","CC",3,0,0,0,0,0
"313","158","122A","OC","OC",3,0,0,0,0,0
"314","158","126B","OC","OC",3,0,0,0,0,0
"315","158","135A","OC","OE",3,0,0,0,0,0
"316","158","135B","OC","OE",3,0,0,0,0,0
"317","158","137B","OC","OA",3,0,0,0,0,0
"318","158","144A","OC","OA",3,0,0,0,0,0
"319","158","145B","OC","OA",3,0,0,0,0,0
"320","158","147A","OC","OC",3,0,0,0,0,0
"321","158","149A","OC","OE",3,0,0,0,0,0
"322","158","152A","OC","OA",3,0,0,0,0,0
"323","158","152B","OC","OA",3,0,0,0,0,0
"324","158","154C","OC","OA",3,0,0,0,0,0
"325","158","157B","OC","OC",3,0,0,0,0,0
"326","158","158","OC","OC",3,0,0,0,0,0
"327","158","159","OC","OE",3,0,0,0,0,0
"328","158","165A","OC","OC",3,0,0,0,0,0
"329","158","168A","OC","OE",3,0,0,0,0,0
"330","158","170C","OC","OC",3,0,0,0,0,0
"331","158","41","OC","CC",3,0,0,0,0,0
"332","158","53","OC","CC",3,0,0,0,0,0
"333","158","57","OC","CC",3,0,0,0,0,0
"334","158","67","OC","CC",3,0,0,0,0,0
"335","158","74","OC","CC",3,0,0,0,0,0
"336","158","77","OC","CC",3,0,0,0,0,0
"337","159","122A","OE","OC",3,0,0,0,0,0
"338","159","126B","OE","OC",3,0,0,0,0,0
"339","159","135A","OE","OE",3,0,0,0,0,0
"340","159","135B","OE","OE",3,0,0,0,0,0
"341","159","137B","OE","OA",3,0,0,0,0,0
"342","159","144A","OE","OA",3,0,0,0,0,0
"343","159","145B","OE","OA",3,0,0,0,0,0
"344","159","147A","OE","OC",3,0,0,0,0,0
"345","159","149A","OE","OE",3,0,0,0,0,0
"346","159","152A","OE","OA",3,0,0,0,0,0
"347","159","152B","OE","OA",3,0,0,0,0,0
"348","159","154C","OE","OA",3,0,0,0,0,0
"349","159","157B","OE","OC",3,0,0,0,0,0
"350","159","158","OE","OC",3,0,0,0,0,0
"351","159","159","OE","OE",3,0,0,0,0,0
"352","159","165A","OE","OC",3,0,0,0,0,0
"353","159","168A","OE","OE",3,0,0,0,0,0
"354","159","170C","OE","OC",3,0,0,0,0,0
"355","159","41","OE","CC",3,0,0,0,0,0
"356","159","53","OE","CC",3,0,0,0,0,0
"357","159","57","OE","CC",3,0,0,0,0,0
"358","159","67","OE","CC",3,0,0,0,0,0
"359","159","74","OE","CC",3,0,0,0,0,0
"360","159","77","OE","CC",3,0,0,0,0,0
"361","165A","122A","OC","OC",3,0,0,0,0,0
"362","165A","126B","OC","OC",3,0,0,0,0,0
"363","165A","135A","OC","OE",3,0,0,0,0,0
"364","165A","135B","OC","OE",3,0,0,0,0,0
"365","165A","137B","OC","OA",3,0,0,0,0,0
"366","165A","144A","OC","OA",3,0,0,0,0,0
"367","165A","145B","OC","OA",3,0,0,0,0,0
"368","165A","147A","OC","OC",3,0,0,0,0,0
"369","165A","149A","OC","OE",3,0,0,0,0,0
"370","165A","152A","OC","OA",3,0,0,0,0,0
"371","165A","152B","OC","OA",3,0,0,0,0,0
"372","165A","154C","OC","OA",3,0,0,0,0,0
"373","165A","157B","OC","OC",3,0,0,0,0,0
"374","165A","158","OC","OC",3,0,0,0,0,0
"375","165A","159","OC","OE",3,0,0,0,0,0
"376","165A","165A","OC","OC",3,0,0,0,0,0
"377","165A","168A","OC","OE",3,0,0,0,0,0
"378","165A","170C","OC","OC",3,0,0,0,0,0
"379","165A","41","OC","CC",3,0,0,0,0,0
"380","165A","53","OC","CC",3,0,0,0,0,0
"381","165A","57","OC","CC",3,0,0,0,0,0
"382","165A","67","OC","CC",3,0,0,0,0,0
"383","165A","74","OC","CC",3,0,0,0,0,0
"384","165A","77","OC","CC",3,0,0,0,0,0
"385","168A","122A","OE","OC",3,0,0,0,0,0
"386","168A","126B","OE","OC",3,0,0,0,0,0
"387","168A","135A","OE","OE",3,0,0,0,0,0
"388","168A","135B","OE","OE",3,0,0,0,0,0
"389","168A","137B","OE","OA",3,0,0,0,0,0
"390","168A","144A","OE","OA",3,0,0,0,0,0
"391","168A","145B","OE","OA",3,0,0,0,0,0
"392","168A","147A","OE","OC",3,0,0,0,0,0
"393","168A","149A","OE","OE",3,0,0,0,0,0
"394","168A","152A","OE","OA",3,0,0,0,0,0
"395","168A","152B","OE","OA",3,0,0,0,0,0
"396","168A","154C","OE","OA",3,0,0,0,0,0
"397","168A","157B","OE","OC",3,0,0,0,0,0
"398","168A","158","OE","OC",3,0,0,0,0,0
"399","168A","159","OE","OE",3,0,0,0,0,0
"400","168A","165A","OE","OC",3,0,0,0,0,0
"401","168A","168A","OE","OE",3,0,0,0,0,0
"402","168A","170C","OE","OC",3,0,0,0,0,0
"403","168A","41","OE","CC",3,0,0,0,0,0
"404","168A","53","OE","CC",3,0,0,0,0,0
"405","168A","57","OE","CC",3,0,0,0,0,0
"406","168A","67","OE","CC",3,0,0,0,0,0
"407","168A","74","OE","CC",3,0,0,0,0,0
"408","168A","77","OE","CC",3,0,0,0,0,0
"409","170C","122A","OC","OC",3,0,0,0,0,0
"410","170C","126B","OC","OC",3,0,0,0,0,0
"411","170C","135A","OC","OE",3,0,0,0,0,0
"412","170C","135B","OC","OE",3,0,0,0,0,0
"413","170C","137B","OC","OA",3,0,0,0,0,0
"414","170C","144A","OC","OA",3,0,0,0,0,0
"415","170C","145B","OC","OA",3,0,0,0,0,0
"416","170C","147A","OC","OC",3,0,0,0,0,0
"417","170C","149A","OC","OE",3,0,0,0,0,0
"418","170C","152A","OC","OA",3,0,0,0,0,0
"419","170C","152B","OC","OA",3,0,0,0,0,0
"420","170C","154C","OC","OA",3,0,0,0,0,0
"421","170C","157B","OC","OC",3,0,0,0,0,0
"422","170C","158","OC","OC",3,0,0,0,0,0
"423","170C","159","OC","OE",3,0,0,0,0,0
"424","170C","165A","OC","OC",3,0,0,0,0,0
"425","170C","168A","OC","OE",3,0,0,0,0,0
"426","170C","170C","OC","OC",3,0,0,0,0,0
"427","170C","41","OC","CC",3,0,0,0,0,0
"428","170C","53","OC","CC",3,0,0,0,0,0
"429","170C","57","OC","CC",3,0,0,0,0,0
"430","170C","67","OC","CC",3,0,0,0,0,0
"431","170C","74","OC","CC",3,0,0,0,0,0
"432","170C","77","OC","CC",3,0,0,0,0,0
"433","41","122A","CC","OC",3,0,0,0,0,0
"434","41","126B","CC","OC",3,0,0,0,0,0
"435","41","135A","CC","OE",3,0,0,0,0,0
"436","41","135B","CC","OE",3,0,0,0,0,0
"437","41","137B","CC","OA",3,0,0,0,0,0
"438","41","144A","CC","OA",3,0,0,0,0,0
"439","41","145B","CC","OA",3,0,0,0,0,0
"440","41","147A","CC","OC",3,0,0,0,0,0
"441","41","149A","CC","OE",3,0,0,0,0,0
"442","41","152A","CC","OA",3,0,0,0,0,0
"443","41","152B","CC","OA",3,0,0,0,0,0
"444","41","154C","CC","OA",3,0,0,0,0,0
"445","41","157B","CC","OC",3,0,0,0,0,0
"446","41","158","CC","OC",3,0,0,0,0,0
"447","41","159","CC","OE",3,0,0,0,0,0
"448","41","165A","CC","OC",3,0,0,0,0,0
"449","41","168A","CC","OE",3,0,0,0,0,0
"450","41","170C","CC","OC",3,0,0,0,0,0
"451","41","41","CC","CC",3,0,0,0,0,0
"452","41","53","CC","CC",3,0,0,0,0,0
"453","41","57","CC","CC",3,0,0,0,0,0
"454","41","67","CC","CC",3,0,0,0,0,0
"455","41","74","CC","CC",3,0,0,0,0,0
"456","41","77","CC","CC",3,0,0,0,0,0
"457","53","122A","CC","OC",3,0,0,0,0,0
"458","53","126B","CC","OC",3,0,0,0,0,0
"459","53","135A","CC","OE",3,1.495,1.756,1.38309471837615,0.79853010796922,3.4357977488409
"460","53","135B","CC","OE",3,0.768,0,1.3302150202129,0.768,3.30443729644759
"461","53","137B","CC","OA",3,0,0,0,0,0
"462","53","144A","CC","OA",3,0,0,0,0,0
"463","53","145B","CC","OA",3,0,0,0,0,0
"464","53","147A","CC","OC",3,0,0,0,0,0
"465","53","149A","CC","OE",3,0.915666666666667,0,1.5859811894639,0.915666666666667,3.93979568287392
"466","53","152A","CC","OA",3,0,0,0,0,0
"467","53","152B","CC","OA",3,0,0,0,0,0
"468","53","154C","CC","OA",3,0,0,0,0,0
"469","53","157B","CC","OC",3,0,0,0,0,0
"470","53","158","CC","OC",3,0,0,0,0,0
"471","53","159","CC","OE",3,1.11266666666667,1.651,0.963765704584539,0.556430388977613,2.39412673205008
"472","53","165A","CC","OC",3,0,0,0,0,0
"473","53","168A","CC","OE",3,4.32533333333333,4.785,1.05267294699414,0.607761009315705,2.61498456576751
"474","53","170C","CC","OC",3,0,0,0,0,0
"475","53","41","CC","CC",3,0,0,0,0,0
"476","53","53","CC","CC",3,0,0,0,0,0
"477","53","57","CC","CC",3,0,0,0,0,0
"478","53","67","CC","CC",3,0,0,0,0,0
"479","53","74","CC","CC",3,0,0,0,0,0
"480","53","77","CC","CC",3,0,0,0,0,0
"481","57","122A","CC","OC",3,0,0,0,0,0
"482","57","126B","CC","OC",3,0,0,0,0,0
"483","57","135A","CC","OE",3,0,0,0,0,0
"484","57","135B","CC","OE",3,0,0,0,0,0
"485","57","137B","CC","OA",3,0,0,0,0,0
"486","57","144A","CC","OA",3,0,0,0,0,0
"487","57","145B","CC","OA",3,0,0,0,0,0
"488","57","147A","CC","OC",3,0,0,0,0,0
"489","57","149A","CC","OE",3,0,0,0,0,0
"490","57","152A","CC","OA",3,0,0,0,0,0
"491","57","152B","CC","OA",3,0,0,0,0,0
"492","57","154C","CC","OA",3,0,0,0,0,0
"493","57","157B","CC","OC",3,0,0,0,0,0
"494","57","158","CC","OC",3,0,0,0,0,0
"495","57","159","CC","OE",3,0,0,0,0,0
"496","57","165A","CC","OC",3,0,0,0,0,0
"497","57","168A","CC","OE",3,0,0,0,0,0
"498","57","170C","CC","OC",3,0,0,0,0,0
"499","57","41","CC","CC",3,0,0,0,0,0
"500","57","53","CC","CC",3,0,0,0,0,0
"501","57","57","CC","CC",3,0,0,0,0,0
"502","57","67","CC","CC",3,0,0,0,0,0
"503","57","74","CC","CC",3,0,0,0,0,0
"504","57","77","CC","CC",3,0,0,0,0,0
"505","67","122A","CC","OC",3,0,0,0,0,0
"506","67","126B","CC","OC",3,0,0,0,0,0
"507","67","135A","CC","OE",3,0,0,0,0,0
"508","67","135B","CC","OE",3,0,0,0,0,0
"509","67","137B","CC","OA",3,0,0,0,0,0
"510","67","144A","CC","OA",3,0,0,0,0,0
"511","67","145B","CC","OA",3,0,0,0,0,0
"512","67","147A","CC","OC",3,0,0,0,0,0
"513","67","149A","CC","OE",3,0,0,0,0,0
"514","67","152A","CC","OA",3,0,0,0,0,0
"515","67","152B","CC","OA",3,0,0,0,0,0
"516","67","154C","CC","OA",3,0,0,0,0,0
"517","67","157B","CC","OC",3,0,0,0,0,0
"518","67","158","CC","OC",3,0,0,0,0,0
"519","67","159","CC","OE",3,0,0,0,0,0
"520","67","165A","CC","OC",3,0,0,0,0,0
"521","67","168A","CC","OE",3,0,0,0,0,0
"522","67","170C","CC","OC",3,0,0,0,0,0
"523","67","41","CC","CC",3,0,0,0,0,0
"524","67","53","CC","CC",3,0,0,0,0,0
"525","67","57","CC","CC",3,0,0,0,0,0
"526","67","67","CC","CC",3,0,0,0,0,0
"527","67","74","CC","CC",3,0,0,0,0,0
"528","67","77","CC","CC",3,0,0,0,0,0
"529","74","122A","CC","OC",3,0,0,0,0,0
"530","74","126B","CC","OC",3,0,0,0,0,0
"531","74","135A","CC","OE",3,0,0,0,0,0
"532","74","135B","CC","OE",3,0,0,0,0,0
"533","74","137B","CC","OA",3,0,0,0,0,0
"534","74","144A","CC","OA",3,0,0,0,0,0
"535","74","145B","CC","OA",3,0,0,0,0,0
"536","74","147A","CC","OC",3,0,0,0,0,0
"537","74","149A","CC","OE",3,0,0,0,0,0
"538","74","152A","CC","OA",3,0,0,0,0,0
"539","74","152B","CC","OA",3,0,0,0,0,0
"540","74","154C","CC","OA",3,0,0,0,0,0
"541","74","157B","CC","OC",3,0,0,0,0,0
"542","74","158","CC","OC",3,0,0,0,0,0
"543","74","159","CC","OE",3,0,0,0,0,0
"544","74","165A","CC","OC",3,0,0,0,0,0
"545","74","168A","CC","OE",3,0,0,0,0,0
"546","74","170C","CC","OC",3,0,0,0,0,0
"547","74","41","CC","CC",3,0,0,0,0,0
"548","74","53","CC","CC",3,0,0,0,0,0
"549","74","57","CC","CC",3,0,0,0,0,0
"550","74","67","CC","CC",3,0,0,0,0,0
"551","74","74","CC","CC",3,0,0,0,0,0
"552","74","77","CC","CC",3,0,0,0,0,0
"553","77","122A","CC","OC",3,0,0,0,0,0
"554","77","126B","CC","OC",3,0,0,0,0,0
"555","77","135A","CC","OE",3,0,0,0,0,0
"556","77","135B","CC","OE",3,0,0,0,0,0
"557","77","137B","CC","OA",3,0,0,0,0,0
"558","77","144A","CC","OA",3,0,0,0,0,0
"559","77","145B","CC","OA",3,0,0,0,0,0
"560","77","147A","CC","OC",3,0,0,0,0,0
"561","77","149A","CC","OE",3,0,0,0,0,0
"562","77","152A","CC","OA",3,0,0,0,0,0
"563","77","152B","CC","OA",3,0,0,0,0,0
"564","77","154C","CC","OA",3,0,0,0,0,0
"565","77","157B","CC","OC",3,0,0,0,0,0
"566","77","158","CC","OC",3,0,0,0,0,0
"567","77","159","CC","OE",3,0,0,0,0,0
"568","77","165A","CC","OC",3,0,0,0,0,0
"569","77","168A","CC","OE",3,0,0,0,0,0
"570","77","170C","CC","OC",3,0,0,0,0,0
"571","77","41","CC","CC",3,0,0,0,0,0
"572","77","53","CC","CC",3,0,0,0,0,0
"573","77","57","CC","CC",3,0,0,0,0,0
"574","77","67","CC","CC",3,0,0,0,0,0
"575","77","74","CC","CC",3,0,0,0,0,0
"576","77","77","CC","CC",3,0,0,0,0,0
